[{"Test":"hasSubPrinciple range TAISubPrinciple","Results":[{"Ontology":"http://www.semanticweb.org/ranasaniei/ontologies/2021/5/otaia","Result":"Passed"}]},{"Test":"hasSubPrinciple domain TAIPrinciple","Results":[{"Ontology":"http://www.semanticweb.org/ranasaniei/ontologies/2021/5/otaia","Result":"Passed"}]},{"Test":"TestingReresentativenessForSpecificTargetGroups subClassOf Activity","Results":[{"Ontology":"http://www.semanticweb.org/ranasaniei/ontologies/2021/5/otaia","Result":"Passed"}]},{"Test":"TestingReresentativenessForSpecificTargetGroups type Class","Results":[{"Ontology":"http://www.semanticweb.org/ranasaniei/ontologies/2021/5/otaia","Result":"Passed"}]}]