[{"Test":"loggsAISystemOutcome range AISystemOutcome","Results":[{"Undefined":["AISystemOutcome","loggsAISystemOutcome"],"Ontology":"http://www.semanticweb.org/ranasaniei/ontologies/2021/5/untitled-ontology-50","Result":"Undefined"}]},{"Test":"loggsAISystemOutcome domain LoggingMechanism","Results":[{"Undefined":["LoggingMechanism","loggsAISystemOutcome"],"Ontology":"http://www.semanticweb.org/ranasaniei/ontologies/2021/5/untitled-ontology-50","Result":"Undefined"}]},{"Test":"GRSQ1.1 subClassOf GRSQ1","Results":[{"Undefined":["GRSQ1.1","GRSQ1"],"Ontology":"http://www.semanticweb.org/ranasaniei/ontologies/2021/5/untitled-ontology-50","Result":"Undefined"}]},{"Test":"GRSQ1.1 type Class","Results":[{"Undefined":["GRSQ1.1"],"Ontology":"http://www.semanticweb.org/ranasaniei/ontologies/2021/5/untitled-ontology-50","Result":"Undefined"}]}]